task,model,features,max_depth,min_samples_leaf,max_features,n_estimators,cv_folds,mean_accuracy,mean_macro_f1
task2,random_forest,hog+additional+deep_efficientnet_v2_m,10,1,log2,300,5,0.8920826161790018,0.8908394761413337
task2,random_forest,hog+additional+deep_efficientnet_v2_m,None,1,sqrt,300,5,0.8897590361445783,0.8880272438260054
task2,random_forest,hog+additional+deep_efficientnet_v2_m,20,1,sqrt,300,5,0.8897590361445783,0.8880272438260054
task2,random_forest,hog+additional+deep_efficientnet_v2_m,15,1,sqrt,300,5,0.8897590361445783,0.8880272438260054
task2,random_forest,hog+additional+deep_efficientnet_v2_m,None,2,log2,300,5,0.8897303499713137,0.8893833773725415
task2,random_forest,hog+additional+deep_efficientnet_v2_m,15,2,log2,300,5,0.8897303499713137,0.8893833773725415
task2,random_forest,hog+additional+deep_efficientnet_v2_m,20,2,log2,300,5,0.8897303499713137,0.8893833773725415
task2,random_forest,hog+additional+deep_efficientnet_v2_m,None,2,0.3,300,5,0.8873780837636259,0.8857008497178775
task2,random_forest,hog+additional+deep_efficientnet_v2_m,10,2,0.3,300,5,0.8873780837636259,0.8857008497178775
task2,random_forest,hog+additional+deep_efficientnet_v2_m,15,2,0.3,300,5,0.8873780837636259,0.8857008497178775
task2,random_forest,hog+additional+deep_efficientnet_v2_m,20,2,0.3,300,5,0.8873780837636259,0.8857008497178775
task2,random_forest,hog+additional+deep_efficientnet_v2_m,None,1,log2,300,5,0.887263339070568,0.8860012550229268
task2,random_forest,hog+additional+deep_efficientnet_v2_m,20,1,log2,300,5,0.887263339070568,0.8860012550229268
task2,random_forest,hog+additional+deep_efficientnet_v2_m,8,4,sqrt,300,5,0.8849110728628802,0.8839291800390872
task2,random_forest,hog+additional+deep_efficientnet_v2_m,15,1,log2,300,5,0.8848823866896156,0.8837253446587813
task2,random_forest,hog+additional+deep_efficientnet_v2_m,10,2,log2,300,5,0.8848823866896156,0.8838483463560862
task2,random_forest,hog+additional+deep_efficientnet_v2_m,10,4,log2,300,5,0.8848823866896156,0.8844542408056342
task2,random_forest,hog+additional+deep_efficientnet_v2_m,8,1,sqrt,300,5,0.8825014343086632,0.8821027757931782
task2,random_forest,hog+additional+deep_efficientnet_v2_m,8,2,sqrt,300,5,0.8801491681009754,0.8782647455743431
task2,random_forest,hog+additional+deep_efficientnet_v2_m,8,2,log2,300,5,0.8801491681009754,0.8788257162514128
task2,random_forest,hog+additional+deep_efficientnet_v2_m,10,1,sqrt,300,5,0.8801491681009754,0.8786256270389398
task2,random_forest,hog+additional+deep_efficientnet_v2_m,8,8,sqrt,300,5,0.8801204819277109,0.8782824897840378
task2,random_forest,hog+additional+deep_efficientnet_v2_m,5,8,sqrt,300,5,0.8801204819277109,0.8782371993331746
task2,random_forest,hog+additional+deep_efficientnet_v2_m,5,1,log2,300,5,0.8800917957544463,0.8792263747604305
task2,random_forest,hog+additional+deep_efficientnet_v2_m,10,8,0.3,300,5,0.8778255880665519,0.8754736426284413
task2,random_forest,hog+additional+deep_efficientnet_v2_m,None,8,0.3,300,5,0.8778255880665519,0.8754736426284413
task2,random_forest,hog+additional+deep_efficientnet_v2_m,15,8,0.3,300,5,0.8778255880665519,0.8754736426284413
task2,random_forest,hog+additional+deep_efficientnet_v2_m,20,8,0.3,300,5,0.8778255880665519,0.8754736426284413
task2,random_forest,hog+additional+deep_efficientnet_v2_m,8,8,0.3,300,5,0.8777969018932874,0.8758177135901594
task2,random_forest,hog+additional+deep_efficientnet_v2_m,8,2,0.3,300,5,0.8777395295467585,0.875640744016905
task2,random_forest,hog+additional+deep_efficientnet_v2_m,5,4,log2,300,5,0.8777395295467585,0.8770222879975202
task2,random_forest,hog+additional+deep_efficientnet_v2_m,5,2,0.3,300,5,0.8777395295467585,0.8758804515058385
task2,random_forest,hog+additional+deep_efficientnet_v2_m,10,8,sqrt,300,5,0.8777108433734939,0.8769291535777605
task2,random_forest,hog+additional+deep_efficientnet_v2_m,20,8,sqrt,300,5,0.8777108433734939,0.8769291535777605
task2,random_forest,hog+additional+deep_efficientnet_v2_m,15,8,sqrt,300,5,0.8777108433734939,0.8769291535777605
task2,random_forest,hog+additional+deep_efficientnet_v2_m,None,8,sqrt,300,5,0.8777108433734939,0.8769291535777605
task2,random_forest,hog+additional+deep_efficientnet_v2_m,5,1,sqrt,300,5,0.8776821572002295,0.8756277344946076
task2,random_forest,hog+additional+deep_efficientnet_v2_m,8,1,log2,300,5,0.8776534710269651,0.8762658871915837
task2,random_forest,hog+additional+deep_efficientnet_v2_m,15,4,sqrt,300,5,0.8753012048192771,0.8734264280611029
task2,random_forest,hog+additional+deep_efficientnet_v2_m,20,4,sqrt,300,5,0.8753012048192771,0.8734264280611029
task2,random_forest,hog+additional+deep_efficientnet_v2_m,20,4,log2,300,5,0.8753012048192771,0.8745283722125828
task2,random_forest,hog+additional+deep_efficientnet_v2_m,None,4,sqrt,300,5,0.8753012048192771,0.8734264280611029
task2,random_forest,hog+additional+deep_efficientnet_v2_m,None,4,log2,300,5,0.8753012048192771,0.8745283722125828
task2,random_forest,hog+additional+deep_efficientnet_v2_m,15,4,log2,300,5,0.8753012048192771,0.8745283722125828
task2,random_forest,hog+additional+deep_efficientnet_v2_m,10,4,sqrt,300,5,0.8753012048192771,0.8729413787107285
task2,random_forest,hog+additional+deep_efficientnet_v2_m,5,2,log2,300,5,0.8753012048192771,0.8745257506511376
task2,random_forest,hog+additional+deep_efficientnet_v2_m,8,4,log2,300,5,0.8753012048192771,0.8746478621138063
task2,random_forest,hog+additional+deep_efficientnet_v2_m,None,4,0.3,300,5,0.8729776247848537,0.8703692647222059
task2,random_forest,hog+additional+deep_efficientnet_v2_m,20,4,0.3,300,5,0.8729776247848537,0.8703692647222059
task2,random_forest,hog+additional+deep_efficientnet_v2_m,5,4,sqrt,300,5,0.8729776247848537,0.8715696594427245
task2,random_forest,hog+additional+deep_efficientnet_v2_m,15,4,0.3,300,5,0.8729776247848537,0.8703692647222059
task2,random_forest,hog+additional+deep_efficientnet_v2_m,10,4,0.3,300,5,0.8729776247848537,0.8703692647222059
task2,random_forest,hog+additional+deep_efficientnet_v2_m,10,2,sqrt,300,5,0.8729776247848537,0.8708059590907888
task2,random_forest,hog+additional+deep_efficientnet_v2_m,5,2,sqrt,300,5,0.8729489386115892,0.8713313789753417
task2,random_forest,hog+additional+deep_efficientnet_v2_m,8,8,log2,300,5,0.8728628800917958,0.8714911052140154
task2,random_forest,hog+additional+deep_efficientnet_v2_m,15,2,sqrt,300,5,0.8705679862306368,0.868027517889747
task2,random_forest,hog+additional+deep_efficientnet_v2_m,20,2,sqrt,300,5,0.8705679862306368,0.868027517889747
task2,random_forest,hog+additional+deep_efficientnet_v2_m,8,4,0.3,300,5,0.8705679862306368,0.8678398529575
task2,random_forest,hog+additional+deep_efficientnet_v2_m,None,2,sqrt,300,5,0.8705679862306368,0.868027517889747
task2,random_forest,hog+additional+deep_efficientnet_v2_m,20,8,log2,300,5,0.8705106138841078,0.8677463776333745
task2,random_forest,hog+additional+deep_efficientnet_v2_m,15,1,0.3,300,5,0.8705106138841078,0.868645704312887
task2,random_forest,hog+additional+deep_efficientnet_v2_m,None,8,log2,300,5,0.8705106138841078,0.8677463776333745
task2,random_forest,hog+additional+deep_efficientnet_v2_m,8,1,0.3,300,5,0.8705106138841078,0.8689178061360723
task2,random_forest,hog+additional+deep_efficientnet_v2_m,20,1,0.3,300,5,0.8705106138841078,0.868645704312887
task2,random_forest,hog+additional+deep_efficientnet_v2_m,15,8,log2,300,5,0.8705106138841078,0.8677463776333745
task2,random_forest,hog+additional+deep_efficientnet_v2_m,None,1,0.3,300,5,0.8705106138841078,0.868645704312887
task2,random_forest,hog+additional+deep_efficientnet_v2_m,5,8,log2,300,5,0.8704819277108434,0.8693574622831587
task2,random_forest,hog+additional+deep_efficientnet_v2_m,10,8,log2,300,5,0.868100975329891,0.865442456064747
task2,random_forest,hog+additional+deep_efficientnet_v2_m,5,1,0.3,300,5,0.8657200229489387,0.8621887751051839
task2,random_forest,hog+additional+deep_efficientnet_v2_m,10,1,0.3,300,5,0.8657200229489386,0.8638164453365691
task2,random_forest,hog+additional+deep_efficientnet_v2_m,5,4,0.3,300,5,0.8632816982214573,0.8608522928739646
task2,random_forest,hog+additional+deep_efficientnet_v2_m,5,8,0.3,300,5,0.8585771658060815,0.8558449252845538
task2,random_forest,hog+additional+deep_efficientnet_v2_m,3,1,log2,300,5,0.8323293172690762,0.822421145455403
task2,random_forest,hog+additional+deep_efficientnet_v2_m,3,2,log2,300,5,0.8323293172690762,0.8217395259053625
task2,random_forest,hog+additional+deep_efficientnet_v2_m,3,8,sqrt,300,5,0.8322432587492828,0.8248435948670167
task2,random_forest,hog+additional+deep_efficientnet_v2_m,3,8,log2,300,5,0.8275100401606427,0.8170255577269978
task2,random_forest,hog+additional+deep_efficientnet_v2_m,3,4,log2,300,5,0.8251004016064257,0.8146540444793239
task2,random_forest,hog+additional+deep_efficientnet_v2_m,3,4,sqrt,300,5,0.8226333907056798,0.8139735174040599
task2,random_forest,hog+additional+deep_efficientnet_v2_m,3,1,sqrt,300,5,0.8226333907056798,0.81418330761385
task2,random_forest,hog+additional+deep_efficientnet_v2_m,3,2,sqrt,300,5,0.8202524383247274,0.8120946609663798
task2,random_forest,hog+additional+deep_efficientnet_v2_m,3,8,0.3,300,5,0.7891279403327596,0.7806351773441558
task2,random_forest,hog+additional+deep_efficientnet_v2_m,3,1,0.3,300,5,0.7867183017785427,0.7750897185030312
task2,random_forest,hog+additional+deep_efficientnet_v2_m,3,2,0.3,300,5,0.7843086632243259,0.7738703823808144
task2,random_forest,hog+additional+deep_efficientnet_v2_m,3,4,0.3,300,5,0.7771084337349398,0.7669901783055639
