task,model,features,C,gamma,max_depth,min_samples_leaf,max_features,n_estimators,cv_folds,mean_accuracy,std_accuracy,mean_macro_f1,std_macro_f1
task2,extra_trees,hog+additional+deep_efficientnet_v2_l,,,15,1.0,sqrt,300.0,5,0.9783993115318417,0.014060790528551142,0.9782107965993415,0.01431888451995303
task2,extra_trees,hog+additional+deep_efficientnet_v2_l,,,20,1.0,sqrt,300.0,5,0.9783993115318417,0.014060790528551142,0.9782107965993415,0.01431888451995303
task2,extra_trees,hog+additional+deep_efficientnet_v2_l,,,None,1.0,sqrt,300.0,5,0.9783993115318417,0.014060790528551142,0.9782107965993415,0.01431888451995303
task2,random_forest,hog+additional+deep_efficientnet_v2_l,,,10,1.0,sqrt,300.0,5,0.9735800344234079,0.014090255852774507,0.9736454371222173,0.014263147241620037
task2,extra_trees,hog+additional+deep_efficientnet_v2_l,,,15,2.0,sqrt,300.0,5,0.9735800344234079,0.014090255852774507,0.9734121332743625,0.015025019987848477
task2,extra_trees,hog+additional+deep_efficientnet_v2_l,,,20,2.0,sqrt,300.0,5,0.9735800344234079,0.014090255852774507,0.9734121332743625,0.015025019987848477
task2,extra_trees,hog+additional+deep_efficientnet_v2_l,,,None,2.0,sqrt,300.0,5,0.9735800344234079,0.014090255852774507,0.9734121332743625,0.015025019987848477
task2,extra_trees,hog+additional+deep_efficientnet_v2_l,,,8,4.0,sqrt,300.0,5,0.9711990820424555,0.01956964769064255,0.9709356970858518,0.019899918869917103
task2,random_forest,hog+additional+deep_efficientnet_v2_l,,,10,2.0,log2,300.0,5,0.971170395869191,0.009717798440780816,0.9715234900977936,0.009617097470067814
task2,random_forest,hog+additional+deep_efficientnet_v2_l,,,15,2.0,log2,300.0,5,0.971170395869191,0.009717798440780816,0.9715234900977936,0.009617097470067814
task2,random_forest,hog+additional+deep_efficientnet_v2_l,,,20,2.0,log2,300.0,5,0.971170395869191,0.009717798440780816,0.9715234900977936,0.009617097470067814
task2,random_forest,hog+additional+deep_efficientnet_v2_l,,,None,2.0,log2,300.0,5,0.971170395869191,0.009717798440780816,0.9715234900977936,0.009617097470067814
task2,extra_trees,hog+additional+deep_efficientnet_v2_l,,,8,1.0,log2,300.0,5,0.971170395869191,0.012349056083576834,0.9716970367094208,0.011692766951431533
task2,extra_trees,hog+additional+deep_efficientnet_v2_l,,,8,1.0,sqrt,300.0,5,0.971170395869191,0.016389824446731975,0.9710758759644209,0.017012259228432032
task2,extra_trees,hog+additional+deep_efficientnet_v2_l,,,10,1.0,sqrt,300.0,5,0.971170395869191,0.016389824446731975,0.9710758759644209,0.017012259228432032
task2,extra_trees,hog+additional+deep_efficientnet_v2_l,,,10,1.0,0.3,300.0,5,0.971170395869191,0.016389824446731975,0.971075531967173,0.0170126292359396
task2,extra_trees,hog+additional+deep_efficientnet_v2_l,,,15,1.0,0.3,300.0,5,0.971170395869191,0.016389824446731975,0.971075531967173,0.0170126292359396
task2,extra_trees,hog+additional+deep_efficientnet_v2_l,,,20,1.0,0.3,300.0,5,0.971170395869191,0.016389824446731975,0.971075531967173,0.0170126292359396
task2,extra_trees,hog+additional+deep_efficientnet_v2_l,,,None,1.0,0.3,300.0,5,0.971170395869191,0.016389824446731975,0.971075531967173,0.0170126292359396
task2,extra_trees,hog+additional+deep_efficientnet_v2_l,,,10,2.0,sqrt,300.0,5,0.971170395869191,0.022380363354365516,0.9708549314462628,0.023035834850263864
task2,extra_trees,hog+additional+deep_efficientnet_v2_l,,,15,2.0,0.3,300.0,5,0.9688181296615032,0.012288133416944964,0.9685330483070421,0.013169604981177066
task2,extra_trees,hog+additional+deep_efficientnet_v2_l,,,20,2.0,0.3,300.0,5,0.9688181296615032,0.012288133416944964,0.9685330483070421,0.013169604981177066
task2,extra_trees,hog+additional+deep_efficientnet_v2_l,,,None,2.0,0.3,300.0,5,0.9688181296615032,0.012288133416944964,0.9685330483070421,0.013169604981177066
task2,random_forest,hog+additional+deep_efficientnet_v2_l,,,8,1.0,log2,300.0,5,0.9687894434882388,0.016352276232044022,0.9686539633397219,0.017642579067885782
task2,logistic_regression,hog+additional+deep_efficientnet_v2_l,0.03,,None,,,,5,0.9687894434882386,0.012299177969673631,0.9688513194751586,0.013052323688781597
task2,logistic_regression,hog+additional+deep_efficientnet_v2_l,0.1,,None,,,,5,0.9687894434882386,0.012299177969673631,0.9688513194751586,0.013052323688781597
task2,extra_trees,hog+additional+deep_efficientnet_v2_l,,,8,4.0,0.3,300.0,5,0.9687894434882386,0.012299177969673631,0.9686967909971006,0.01312075260927162
task2,extra_trees,hog+additional+deep_efficientnet_v2_l,,,10,2.0,0.3,300.0,5,0.9687894434882386,0.014515770581179754,0.9685657280456041,0.01514330118428449
task2,random_forest,hog+additional+deep_efficientnet_v2_l,,,8,4.0,log2,300.0,5,0.9687894434882386,0.018040524315794008,0.9689395547692762,0.01791060240377777
task2,logistic_regression,hog+additional+deep_efficientnet_v2_l,0.003,,None,,,,5,0.9687894434882386,0.02235288027185325,0.9683791095385523,0.0238014635803488
task2,random_forest,hog+additional+deep_efficientnet_v2_l,,,8,4.0,sqrt,300.0,5,0.9687607573149741,0.019625703668620032,0.9683819616915592,0.02088719514540134
task2,random_forest,hog+additional+deep_efficientnet_v2_l,,,10,1.0,log2,300.0,5,0.9687607573149741,0.019625703668620032,0.968466656838174,0.020677732021143536
task2,random_forest,hog+additional+deep_efficientnet_v2_l,,,10,4.0,sqrt,300.0,5,0.9687607573149741,0.019625703668620032,0.9683819616915592,0.02088719514540134
task2,random_forest,hog+additional+deep_efficientnet_v2_l,,,15,4.0,sqrt,300.0,5,0.9687607573149741,0.019625703668620032,0.9683819616915592,0.02088719514540134
task2,random_forest,hog+additional+deep_efficientnet_v2_l,,,20,4.0,sqrt,300.0,5,0.9687607573149741,0.019625703668620032,0.9683819616915592,0.02088719514540134
task2,random_forest,hog+additional+deep_efficientnet_v2_l,,,None,4.0,sqrt,300.0,5,0.9687607573149741,0.019625703668620032,0.9683819616915592,0.02088719514540134
task2,extra_trees,hog+additional+deep_efficientnet_v2_l,,,10,4.0,0.3,300.0,5,0.9687607573149741,0.019625703668620032,0.9686254852818321,0.020508571525815263
task2,extra_trees,hog+additional+deep_efficientnet_v2_l,,,15,4.0,0.3,300.0,5,0.9687607573149741,0.019625703668620032,0.9686254852818321,0.020508571525815263
task2,extra_trees,hog+additional+deep_efficientnet_v2_l,,,20,4.0,0.3,300.0,5,0.9687607573149741,0.019625703668620032,0.9686254852818321,0.020508571525815263
task2,extra_trees,hog+additional+deep_efficientnet_v2_l,,,None,4.0,0.3,300.0,5,0.9687607573149741,0.019625703668620032,0.9686254852818321,0.020508571525815263
task2,random_forest,hog+additional+deep_efficientnet_v2_l,,,15,1.0,sqrt,300.0,5,0.9663798049340219,0.011841032441402093,0.9668179517421004,0.011630603079268387
task2,random_forest,hog+additional+deep_efficientnet_v2_l,,,20,1.0,sqrt,300.0,5,0.9663798049340219,0.011841032441402093,0.9668179517421004,0.011630603079268387
task2,random_forest,hog+additional+deep_efficientnet_v2_l,,,None,1.0,sqrt,300.0,5,0.9663798049340219,0.011841032441402093,0.9668179517421004,0.011630603079268387
task2,extra_trees,hog+additional+deep_efficientnet_v2_l,,,15,4.0,log2,300.0,5,0.9663798049340219,0.011841032441402093,0.9668179517421004,0.011630603079268387
task2,extra_trees,hog+additional+deep_efficientnet_v2_l,,,20,4.0,log2,300.0,5,0.9663798049340219,0.011841032441402093,0.9668179517421004,0.011630603079268387
task2,extra_trees,hog+additional+deep_efficientnet_v2_l,,,None,4.0,log2,300.0,5,0.9663798049340219,0.011841032441402093,0.9668179517421004,0.011630603079268387
task2,extra_trees,hog+additional+deep_efficientnet_v2_l,,,20,2.0,log2,300.0,5,0.9663798049340219,0.01408096690209947,0.9663668995263424,0.014867093711678481
task2,extra_trees,hog+additional+deep_efficientnet_v2_l,,,None,2.0,log2,300.0,5,0.9663798049340219,0.01408096690209947,0.9663668995263424,0.014867093711678481
task2,logistic_regression,hog+additional+deep_efficientnet_v2_l,0.01,,None,,,,5,0.9663798049340219,0.016010534298320698,0.9661574052022969,0.01740969714005194
task2,svm_rbf,hog+additional+deep_efficientnet_v2_l,3.0,0.0003,None,,,,5,0.9663798049340219,0.0192993359408315,0.9664800481596147,0.019723372767431333
task2,logistic_regression,hog+additional+deep_efficientnet_v2_l,0.001,,None,,,,5,0.9663798049340219,0.020749167389964223,0.9661637672612905,0.022258047666709285
task2,random_forest,hog+additional+deep_efficientnet_v2_l,,,10,2.0,sqrt,300.0,5,0.9663511187607574,0.014134338667229025,0.9666176716300555,0.014505100025566061
task2,random_forest,hog+additional+deep_efficientnet_v2_l,,,15,2.0,sqrt,300.0,5,0.9663511187607574,0.014134338667229025,0.9666176716300555,0.014505100025566061
task2,random_forest,hog+additional+deep_efficientnet_v2_l,,,20,2.0,sqrt,300.0,5,0.9663511187607574,0.014134338667229025,0.9666176716300555,0.014505100025566061
task2,random_forest,hog+additional+deep_efficientnet_v2_l,,,None,2.0,sqrt,300.0,5,0.9663511187607574,0.014134338667229025,0.9666176716300555,0.014505100025566061
task2,extra_trees,hog+additional+deep_efficientnet_v2_l,,,8,2.0,sqrt,300.0,5,0.9663511187607574,0.014134338667229025,0.9666176716300555,0.014505100025566061
task2,random_forest,hog+additional+deep_efficientnet_v2_l,,,10,4.0,log2,300.0,5,0.9663511187607574,0.0177737640582768,0.9666434468524253,0.01797751466726524
task2,random_forest,hog+additional+deep_efficientnet_v2_l,,,15,4.0,log2,300.0,5,0.9663511187607574,0.0177737640582768,0.9666434468524253,0.01797751466726524
task2,random_forest,hog+additional+deep_efficientnet_v2_l,,,20,4.0,log2,300.0,5,0.9663511187607574,0.0177737640582768,0.9666434468524253,0.01797751466726524
task2,random_forest,hog+additional+deep_efficientnet_v2_l,,,None,4.0,log2,300.0,5,0.9663511187607574,0.0177737640582768,0.9666434468524253,0.01797751466726524
task2,extra_trees,hog+additional+deep_efficientnet_v2_l,,,8,4.0,log2,300.0,5,0.9663511187607574,0.020785423932137146,0.9663607793994793,0.021981857958188824
task2,extra_trees,hog+additional+deep_efficientnet_v2_l,,,8,2.0,0.3,300.0,5,0.9639988525530694,0.007712260476836029,0.9639277851491475,0.0084321482781985
task2,extra_trees,hog+additional+deep_efficientnet_v2_l,,,10,2.0,log2,300.0,5,0.9639988525530694,0.013147533855055255,0.9643822792274804,0.013026416806116707
task2,extra_trees,hog+additional+deep_efficientnet_v2_l,,,15,4.0,sqrt,300.0,5,0.963970166379805,0.013251459675172226,0.964248390584304,0.01364416506534502
task2,extra_trees,hog+additional+deep_efficientnet_v2_l,,,20,4.0,sqrt,300.0,5,0.963970166379805,0.013251459675172226,0.964248390584304,0.01364416506534502
task2,extra_trees,hog+additional+deep_efficientnet_v2_l,,,None,4.0,sqrt,300.0,5,0.963970166379805,0.013251459675172226,0.964248390584304,0.01364416506534502
task2,extra_trees,hog+additional+deep_efficientnet_v2_l,,,15,1.0,log2,300.0,5,0.963970166379805,0.015330981715417103,0.9635218948578081,0.016836157648004644
task2,extra_trees,hog+additional+deep_efficientnet_v2_l,,,10,4.0,sqrt,300.0,5,0.963970166379805,0.017080056872331613,0.9640412059560667,0.018038245847305158
task2,random_forest,hog+additional+deep_efficientnet_v2_l,,,15,1.0,log2,300.0,5,0.963970166379805,0.021585158827794895,0.9637611184824808,0.02232681013144902
task2,random_forest,hog+additional+deep_efficientnet_v2_l,,,20,1.0,log2,300.0,5,0.963970166379805,0.021585158827794895,0.9637611184824808,0.02232681013144902
task2,random_forest,hog+additional+deep_efficientnet_v2_l,,,None,1.0,log2,300.0,5,0.963970166379805,0.021585158827794895,0.9637611184824808,0.02232681013144902
task2,random_forest,hog+additional+deep_efficientnet_v2_l,,,8,1.0,sqrt,300.0,5,0.9639414802065405,0.01712004663562121,0.964281070322866,0.01723117458445326
task2,random_forest,hog+additional+deep_efficientnet_v2_l,,,8,2.0,sqrt,300.0,5,0.9639414802065405,0.01712004663562121,0.9639237573571939,0.018254748509991106
task2,random_forest,hog+additional+deep_efficientnet_v2_l,,,8,2.0,log2,300.0,5,0.9639414802065405,0.02022926484193659,0.9635061919504645,0.021638398124117657
task2,random_forest,hog+additional+deep_efficientnet_v2_l,,,10,4.0,0.3,300.0,5,0.9616465863453815,0.013890033490807167,0.9616977247039167,0.013686788584154952
task2,random_forest,hog+additional+deep_efficientnet_v2_l,,,15,4.0,0.3,300.0,5,0.9616465863453815,0.013890033490807167,0.9616977247039167,0.013686788584154952
task2,random_forest,hog+additional+deep_efficientnet_v2_l,,,20,4.0,0.3,300.0,5,0.9616465863453815,0.013890033490807167,0.9616977247039167,0.013686788584154952
task2,random_forest,hog+additional+deep_efficientnet_v2_l,,,None,4.0,0.3,300.0,5,0.9616465863453815,0.013890033490807167,0.9616977247039167,0.013686788584154952
task2,extra_trees,hog+additional+deep_efficientnet_v2_l,,,10,1.0,log2,300.0,5,0.9615892139988527,0.017689021189646846,0.9613258164264357,0.018953026018767558
task2,svm_rbf,hog+additional+deep_efficientnet_v2_l,10.0,0.0003,None,,,,5,0.9615892139988524,0.023348571457939542,0.9615141284584009,0.02424990493733963
task2,svm_rbf,hog+additional+deep_efficientnet_v2_l,30.0,0.0003,None,,,,5,0.9615892139988524,0.023348571457939542,0.9615141284584009,0.02424990493733963
task2,svm_rbf,hog+additional+deep_efficientnet_v2_l,100.0,0.0003,None,,,,5,0.9615892139988524,0.023348571457939542,0.9615141284584009,0.02424990493733963
task2,extra_trees,hog+additional+deep_efficientnet_v2_l,,,8,1.0,0.3,300.0,5,0.9615605278255881,0.014168762792114618,0.9616242075777679,0.014190662286160553
task2,extra_trees,hog+additional+deep_efficientnet_v2_l,,,10,4.0,log2,300.0,5,0.9615605278255881,0.01604503603806612,0.9617385866627354,0.01693708511246379
task2,extra_trees,hog+additional+deep_efficientnet_v2_l,,,20,1.0,log2,300.0,5,0.9615605278255881,0.019327967836847395,0.9613616658539261,0.02040187820150767
task2,extra_trees,hog+additional+deep_efficientnet_v2_l,,,None,1.0,log2,300.0,5,0.9615605278255881,0.019327967836847395,0.9613616658539261,0.02040187820150767
task2,random_forest,hog+additional+deep_efficientnet_v2_l,,,8,2.0,0.3,300.0,5,0.9592369477911646,0.014335741090947348,0.9591281635461202,0.014557026518400537
task2,random_forest,hog+additional+deep_efficientnet_v2_l,,,10,2.0,0.3,300.0,5,0.9592082616179001,0.009655614222105082,0.959155511327338,0.009970576162149972
task2,random_forest,hog+additional+deep_efficientnet_v2_l,,,15,2.0,0.3,300.0,5,0.9592082616179001,0.009655614222105082,0.959155511327338,0.009970576162149972
task2,random_forest,hog+additional+deep_efficientnet_v2_l,,,20,2.0,0.3,300.0,5,0.9592082616179001,0.009655614222105082,0.959155511327338,0.009970576162149972
task2,random_forest,hog+additional+deep_efficientnet_v2_l,,,None,2.0,0.3,300.0,5,0.9592082616179001,0.009655614222105082,0.959155511327338,0.009970576162149972
task2,extra_trees,hog+additional+deep_efficientnet_v2_l,,,15,2.0,log2,300.0,5,0.9591795754446357,0.019577257195074735,0.9591241357541668,0.02047479941043905
task2,random_forest,hog+additional+deep_efficientnet_v2_l,,,8,4.0,0.3,300.0,5,0.9568273092369477,0.016264832571328675,0.9567919062361787,0.016230210132212288
task2,random_forest,hog+additional+deep_efficientnet_v2_l,,,8,1.0,0.3,300.0,5,0.9567986230636834,0.012333853628718546,0.9568192540173964,0.01229035686183051
task2,extra_trees,hog+additional+deep_efficientnet_v2_l,,,8,2.0,log2,300.0,5,0.9567699368904188,0.0180526079211047,0.9570259717922257,0.0185940648615175
task2,svm_rbf,hog+additional+deep_efficientnet_v2_l,1.0,0.0003,None,,,,5,0.9567699368904188,0.024823669165769023,0.9566358789129688,0.02597574668783202
task2,random_forest,hog+additional+deep_efficientnet_v2_l,,,10,1.0,0.3,300.0,5,0.954417670682731,0.013994149111565459,0.9545327043097942,0.013855188797621388
task2,random_forest,hog+additional+deep_efficientnet_v2_l,,,15,1.0,0.3,300.0,5,0.954417670682731,0.013994149111565459,0.9545327043097942,0.013855188797621388
task2,random_forest,hog+additional+deep_efficientnet_v2_l,,,20,1.0,0.3,300.0,5,0.954417670682731,0.013994149111565459,0.9545327043097942,0.013855188797621388
task2,random_forest,hog+additional+deep_efficientnet_v2_l,,,None,1.0,0.3,300.0,5,0.954417670682731,0.013994149111565459,0.9545327043097942,0.013855188797621388
task2,svm_rbf,hog+additional+deep_efficientnet_v2_l,1.0,scale,None,,,,5,0.951950659781985,0.029547872467566575,0.9523376200682703,0.030436110622832132
task2,svm_rbf,hog+additional+deep_efficientnet_v2_l,3.0,scale,None,,,,5,0.951950659781985,0.03324651990567302,0.9525089306977852,0.03348410794063769
task2,svm_rbf,hog+additional+deep_efficientnet_v2_l,10.0,scale,None,,,,5,0.951950659781985,0.03324651990567302,0.9525089306977852,0.03348410794063769
task2,svm_rbf,hog+additional+deep_efficientnet_v2_l,30.0,scale,None,,,,5,0.951950659781985,0.03324651990567302,0.9525089306977852,0.03348410794063769
task2,svm_rbf,hog+additional+deep_efficientnet_v2_l,100.0,scale,None,,,,5,0.951950659781985,0.03324651990567302,0.9525089306977852,0.03348410794063769
task2,svm_rbf,hog+additional+deep_efficientnet_v2_l,1.0,0.001,None,,,,5,0.9471600688468158,0.0378528812087416,0.947970121553713,0.03710784539309554
task2,svm_rbf,hog+additional+deep_efficientnet_v2_l,3.0,0.001,None,,,,5,0.9471600688468158,0.0378528812087416,0.947970121553713,0.03710784539309554
task2,svm_rbf,hog+additional+deep_efficientnet_v2_l,10.0,0.001,None,,,,5,0.9471600688468158,0.0378528812087416,0.947970121553713,0.03710784539309554
task2,svm_rbf,hog+additional+deep_efficientnet_v2_l,30.0,0.001,None,,,,5,0.9471600688468158,0.0378528812087416,0.947970121553713,0.03710784539309554
task2,svm_rbf,hog+additional+deep_efficientnet_v2_l,100.0,0.001,None,,,,5,0.9471600688468158,0.0378528812087416,0.947970121553713,0.03710784539309554
task2,svm_rbf,hog+additional+deep_efficientnet_v2_l,3.0,0.003,None,,,,5,0.7813826735513483,0.08103620039656756,0.8074789584433908,0.06506404989297494
task2,svm_rbf,hog+additional+deep_efficientnet_v2_l,10.0,0.003,None,,,,5,0.7813826735513483,0.08103620039656756,0.8074789584433908,0.06506404989297494
task2,svm_rbf,hog+additional+deep_efficientnet_v2_l,30.0,0.003,None,,,,5,0.7813826735513483,0.08103620039656756,0.8074789584433908,0.06506404989297494
task2,svm_rbf,hog+additional+deep_efficientnet_v2_l,100.0,0.003,None,,,,5,0.7813826735513483,0.08103620039656756,0.8074789584433908,0.06506404989297494
task2,svm_rbf,hog+additional+deep_efficientnet_v2_l,1.0,0.003,None,,,,5,0.7765633964429146,0.0829165588599138,0.8045554930199253,0.06640705745667222
task2,svm_rbf,hog+additional+deep_efficientnet_v2_l,3.0,0.01,None,,,,5,0.2902753872633391,0.03263957116366016,0.28706571358626154,0.04754086357848992
task2,svm_rbf,hog+additional+deep_efficientnet_v2_l,10.0,0.01,None,,,,5,0.2902753872633391,0.03263957116366016,0.28706571358626154,0.04754086357848992
task2,svm_rbf,hog+additional+deep_efficientnet_v2_l,30.0,0.01,None,,,,5,0.2902753872633391,0.03263957116366016,0.28706571358626154,0.04754086357848992
task2,svm_rbf,hog+additional+deep_efficientnet_v2_l,100.0,0.01,None,,,,5,0.2902753872633391,0.03263957116366016,0.28706571358626154,0.04754086357848992
task2,svm_rbf,hog+additional+deep_efficientnet_v2_l,1.0,0.01,None,,,,5,0.27590361445783135,0.032341112846870114,0.2710539843142583,0.044859773288579666
