task,model,features,preprocess,weights,k,cv_folds,mean_accuracy,mean_macro_f1
task1,knn,color+hog+additional+deep_efficientnet_v2_m,standard_normalizer,distance,7,9,0.917340486585091,0.9172866137362169
task1,knn,color+hog+additional+deep_efficientnet_v2_m,standard_normalizer,distance,9,9,0.9170701900018448,0.917068612566162
task1,knn,color+hog+additional+deep_efficientnet_v2_m,standard_normalizer,distance,15,9,0.9170689089753837,0.9172537752943166
task1,knn,color+hog+additional+deep_efficientnet_v2_m,standard_normalizer,distance,11,9,0.9157379224825267,0.9157894834123697
task1,knn,color+hog+additional+deep_efficientnet_v2_m,standard_normalizer,uniform,15,9,0.9154676258992807,0.9156900269404509
task1,knn,color+hog+additional+deep_efficientnet_v2_m,standard_normalizer,uniform,9,9,0.9149366404312447,0.915049337091574
task1,knn,color+hog+additional+deep_efficientnet_v2_m,standard_normalizer,uniform,7,9,0.9144082170161307,0.9144920348071126
task1,knn,color+hog+additional+deep_efficientnet_v2_m,standard_normalizer,uniform,21,9,0.9141385609461149,0.914382297720689
task1,knn,color+hog+additional+deep_efficientnet_v2_m,standard_normalizer,distance,21,9,0.9141385609461149,0.9143424561011584
task1,knn,color+hog+additional+deep_efficientnet_v2_m,standard_normalizer,uniform,11,9,0.9138727479554818,0.9140193301647579
task1,knn,color+hog+additional+deep_efficientnet_v2_m,standard_normalizer,distance,31,9,0.9138695453893296,0.9140941379756313
task1,knn,color+hog+additional+deep_efficientnet_v2_m,standard_normalizer,uniform,31,9,0.9133366383816024,0.9135793654724869
task1,knn,color+hog+additional+deep_efficientnet_v2_m,standard_normalizer,uniform,5,9,0.9128043718871057,0.9129400886181548
task1,knn,color+hog+additional+deep_efficientnet_v2_m,standard_normalizer,distance,5,9,0.9120082139416671,0.912036012685675
task1,knn,color+hog+additional+deep_efficientnet_v2_m,standard_normalizer,uniform,3,9,0.9112030888110024,0.9112440176212756
task1,knn,color+hog+additional+deep_efficientnet_v2_m,standard_normalizer,distance,3,9,0.9106689007768145,0.9106959621197915
task1,knn,color+hog+additional+deep_efficientnet_v2_m,standard,distance,7,9,0.8986682448912665,0.8989080466313999
task1,knn,color+hog+additional+deep_efficientnet_v2_m,standard,uniform,5,9,0.8986669638648057,0.8991827059602908
task1,knn,color+hog+additional+deep_efficientnet_v2_m,standard,uniform,7,9,0.8981346973703089,0.898450264120626
task1,knn,color+hog+additional+deep_efficientnet_v2_m,standard,distance,5,9,0.897866322326754,0.8979384317453203
task1,knn,color+hog+additional+deep_efficientnet_v2_m,standard,distance,9,9,0.8967992272848387,0.8971353499255998
task1,knn,color+hog+additional+deep_efficientnet_v2_m,standard,uniform,3,9,0.8960024288261699,0.896051000523692
task1,knn,color+hog+additional+deep_efficientnet_v2_m,standard,uniform,9,9,0.8954669597655209,0.896025249375945
task1,knn,color+hog+additional+deep_efficientnet_v2_m,standard,uniform,11,9,0.8933327696816905,0.8938608734986057
task1,knn,color+hog+additional+deep_efficientnet_v2_m,standard,distance,11,9,0.8919992211359118,0.8922891930015191
task1,knn,color+hog+additional+deep_efficientnet_v2_m,standard,distance,3,9,0.8912011416507819,0.8909553275703319
task1,knn,color+hog+additional+deep_efficientnet_v2_m,standard_normalizer,uniform,1,9,0.8909346881469182,0.890672540366376
task1,knn,color+hog+additional+deep_efficientnet_v2_m,standard_normalizer,distance,1,9,0.8909346881469182,0.890672540366376
task1,knn,color+hog+additional+deep_efficientnet_v2_m,standard,uniform,15,9,0.8901327655824058,0.890539672504196
task1,knn,color+hog+additional+deep_efficientnet_v2_m,normalizer,distance,3,9,0.8896056231937527,0.8880599137851095
task1,knn,color+hog+additional+deep_efficientnet_v2_m,normalizer,uniform,3,9,0.8896043421672917,0.8882939075139961
task1,knn,color+hog+additional+deep_efficientnet_v2_m,standard,distance,15,9,0.8880004970382669,0.8881395933945346
task1,knn,color+hog+additional+deep_efficientnet_v2_m,normalizer,uniform,5,9,0.8874688710570006,0.8858510681579047
task1,knn,color+hog+additional+deep_efficientnet_v2_m,standard,distance,21,9,0.8850675869560761,0.8852507554389659
task1,knn,color+hog+additional+deep_efficientnet_v2_m,normalizer,distance,5,9,0.8848062575580561,0.8828508687833393
task1,knn,color+hog+additional+deep_efficientnet_v2_m,standard,uniform,21,9,0.8848011334522126,0.8850797467754374
task1,knn,color+hog+additional+deep_efficientnet_v2_m,normalizer,distance,7,9,0.882139800979729,0.8799057819841536
task1,knn,color+hog+additional+deep_efficientnet_v2_m,normalizer,uniform,7,9,0.8821385199532682,0.8799794173906638
task1,knn,color+hog+additional+deep_efficientnet_v2_m,normalizer,distance,1,9,0.8818695043964828,0.8803660463855897
task1,knn,color+hog+additional+deep_efficientnet_v2_m,normalizer,uniform,1,9,0.8818695043964828,0.8803660463855897
task1,knn,color+hog+additional+deep_efficientnet_v2_m,standard,uniform,31,9,0.8786669382442764,0.8787343805401531
task1,knn,color+hog+additional+deep_efficientnet_v2_m,normalizer,uniform,9,9,0.8784024062801041,0.8761414101343107
task1,knn,color+hog+additional+deep_efficientnet_v2_m,standard,distance,31,9,0.8781346717497797,0.8780243195688715
task1,knn,color+hog+additional+deep_efficientnet_v2_m,normalizer,distance,9,9,0.877869499272377,0.8753319338037527
task1,knn,color+hog+additional+deep_efficientnet_v2_m,standard,distance,1,9,0.8773333896984976,0.8769480936788537
task1,knn,color+hog+additional+deep_efficientnet_v2_m,standard,uniform,1,9,0.8773333896984976,0.8769480936788537
task1,knn,color+hog+additional+deep_efficientnet_v2_m,normalizer,distance,11,9,0.8754765418434484,0.8727481194683253
task1,knn,color+hog+additional+deep_efficientnet_v2_m,normalizer,uniform,11,9,0.8746759003053968,0.8721234193710096
task1,knn,color+hog+additional+deep_efficientnet_v2_m,normalizer,distance,15,9,0.865339138945254,0.8622500528002094
task1,knn,color+hog+additional+deep_efficientnet_v2_m,normalizer,uniform,15,9,0.8653378579187931,0.862200934307241
task1,knn,color+hog+additional+deep_efficientnet_v2_m,normalizer,distance,21,9,0.8562694716022055,0.8523978626105476
task1,knn,color+hog+additional+deep_efficientnet_v2_m,normalizer,uniform,21,9,0.8538713900674332,0.8500915888662627
task1,knn,color+hog+additional+deep_efficientnet_v2_m,normalizer,distance,31,9,0.8434726577712189,0.838662501020391
task1,knn,color+hog+additional+deep_efficientnet_v2_m,normalizer,uniform,31,9,0.841606202217713,0.8367948870371933
